<?xml version="1.0" encoding="UTF-8"?>
<project-private xmlns="http://www.netbeans.org/ns/project-private/1">
    <editor-bookmarks xmlns="http://www.netbeans.org/ns/editor-bookmarks/2" lastBookmarkId="0"/>
    <open-files xmlns="http://www.netbeans.org/ns/projectui-open-files/2">
        <group name="2014-08-08">
            <file>file:/E:/Vincent/git/Java-senecaMailGroups/SenecaMailGroups/src/java/Controller/UpdateGroupList.java</file>
            <file>file:/E:/Vincent/git/Java-senecaMailGroups/SenecaMailGroups/src/conf/xml-resources/web-service-references/QueryAccessService/wsdl/dev.fusion.senecacollege.ca_8011/Seneca/ProxyServices/QueryAccessService/QueryAccessService.wsdl</file>
            <file>file:/E:/Vincent/git/Java-senecaMailGroups/SenecaMailGroups/web/images/seneca-logo.ea35a051.svg</file>
            <file>file:/E:/Vincent/git/Java-senecaMailGroups/SenecaMailGroups/src/java/Controller/CallLogin.java</file>
            <file>file:/E:/Vincent/git/Java-senecaMailGroups/SenecaMailGroups/web/login.jsp</file>
            <file>file:/E:/Vincent/git/Java-senecaMailGroups/SenecaMailGroups/web/WEB-INF/web.xml</file>
            <file>file:/E:/Vincent/git/Java-senecaMailGroups/SenecaMailGroups/src/java/DAO/GetXML.java</file>
            <file>file:/E:/Vincent/git/Java-senecaMailGroups/SenecaMailGroups/web/UpdateGroupListMembers.jsp</file>
            <file>file:/E:/Vincent/git/Java-senecaMailGroups/SenecaMailGroups/web/static/js/main.a62b18ec.js.map</file>
            <file>file:/E:/Vincent/git/Java-senecaMailGroups/SenecaMailGroups/web/WEB-INF/jax-ws-catalog.xml</file>
            <file>file:/E:/Vincent/git/Java-senecaMailGroups/SenecaMailGroups/src/java/DAO/EmailGroupsConfig.java</file>
        </group>
    </open-files>
</project-private>
